{
  "timestamp": "2025-09-18T13:54:43.908576",
  "plant_data": {
    "production_rate_tph": 164.61671360002393,
    "feed_rate_tph": 189.4531423712922,
    "fuel_rate_tph": 16.05211396096622,
    "kiln_speed_rpm": 3.1218585968711348,
    "burning_zone_temp_c": 1477.193848950704,
    "cooler_outlet_temp_c": 105.49843110019981,
    "secondary_air_temp_c": 971.8185039273184,
    "free_lime_percent": 0.9831543191066158,
    "nox_mg_nm3": 515.7858356301799,
    "co_mg_nm3": 103.74295649125283,
    "o2_percent": 3.0541393084485216,
    "raw_mill_vibration_x": 3.157297484171031,
    "raw_mill_vibration_y": 2.647890653037992,
    "raw_mill_vibration_z": 2.50334554971903,
    "raw_mill_bearing_temp": 71.07748705269346,
    "raw_mill_motor_temp": 74.07505715343615,
    "raw_mill_power_kw": 2022.0771218421696,
    "raw_mill_throughput_tph": 83.659802634157,
    "cement_mill_vibration_x": 3.4608219185432607,
    "cement_mill_vibration_y": 3.6148943918738046,
    "cement_mill_vibration_z": 3.1534129993005973,
    "cement_mill_power_kw": 3201.3695658243973,
    "cement_mill_throughput_tph": 126.97292328513315,
    "id_fan_flow_nm3_h": 53414.016915626715,
    "id_fan_pressure_pa": -146.25339348338093,
    "id_fan_current_a": 98.0493382394416,
    "id_fan_current_b": 87.63277053165908,
    "id_fan_current_c": 94.67415967134153,
    "air_consumption_nm3_h": 1060.9224530059569,
    "baseline_air_consumption_nm3_h": 775.8057397068744,
    "air_pressure_bar": 8.15903534914048,
    "compressor_power_kw": 151.80544957092584,
    "water_consumption_m3_h": 53.101715412858354,
    "cooling_inlet_temp_c": 26.96942659455263,
    "cooling_outlet_temp_c": 40.70526018968549,
    "ambient_temp_c": 25.42045924095857,
    "conveyor_power_kw": 191.42202527361,
    "material_throughput_tph": 209.60246782465416,
    "belt_speeds_mps": [
      1.5,
      2.0,
      1.8
    ],
    "motor_loads_percent": [
      75.0,
      85.0,
      60.0
    ],
    "available_fuels": {
      "coal": 1000.0,
      "petcoke": 200.0,
      "rdf": 150.0,
      "biomass": 100.0,
      "tire_chips": 50.0
    },
    "fuel_costs": {
      "coal": 0.08,
      "petcoke": 0.12,
      "rdf": 0.05,
      "biomass": 0.06,
      "tire_chips": 0.04
    },
    "quality_constraints": {
      "max_chlorine": 0.15,
      "max_sulfur": 2.0,
      "max_alkali": 3.0
    },
    "kiln_torque_percent": 65.10337646193305,
    "cooler_speed_rpm": 10.532267923615194,
    "voltage_phase_a": 356.88628480769233,
    "voltage_phase_b": 381.90159486363035,
    "voltage_phase_c": 397.2022411464402,
    "power_factor": 0.859250541264745,
    "availability_percent": 86.12660219524764,
    "power_variation_percent": 5.260727348896222
  },
  "fuel_optimization": {
    "optimization_result": {
      "success": true,
      "optimized_fuel_mix": {
        "coal": 0.0,
        "petcoke": 900.000008800401,
        "rdf": 1.5207119549339744e-07,
        "biomass": 600.0000075684958,
        "tire_chips": 0.0
      },
      "tsr_achieved": 0.40000000074145314,
      "quality_impact": {
        "chlorine_input": 0.15000000096599542,
        "sulfur_input": 2.139999997499335,
        "alkali_input": 1.7800000025913054,
        "quality_penalty": 0.44600000265809264
      },
      "total_cost": 144.00000151776143,
      "optimization_message": "Optimization terminated successfully"
    },
    "rdf_scenarios": [
      {
        "base_production": 164.61671360002393,
        "current_tsr": 0.40000000074145314,
        "rdf_percentage": 0.1,
        "expected_savings": 12.0,
        "quality_risk": "Low"
      },
      {
        "base_production": 164.61671360002393,
        "current_tsr": 0.40000000074145314,
        "rdf_percentage": 0.15,
        "expected_savings": 18.0,
        "quality_risk": "Medium"
      },
      {
        "base_production": 164.61671360002393,
        "current_tsr": 0.40000000074145314,
        "rdf_percentage": 0.2,
        "expected_savings": 24.0,
        "quality_risk": "Medium"
      },
      {
        "base_production": 164.61671360002393,
        "current_tsr": 0.40000000074145314,
        "rdf_percentage": 0.25,
        "expected_savings": 30.0,
        "quality_risk": "High"
      },
      {
        "base_production": 164.61671360002393,
        "current_tsr": 0.40000000074145314,
        "rdf_percentage": 0.3,
        "expected_savings": 36.0,
        "quality_risk": "High"
      }
    ],
    "tsr_achieved": 0.40000000074145314,
    "quality_impact": {
      "chlorine_input": 0.15000000096599542,
      "sulfur_input": 2.139999997499335,
      "alkali_input": 1.7800000025913054,
      "quality_penalty": 0.44600000265809264
    },
    "cost_analysis": 144.00000151776143
  },
  "control_setpoints": {
    "setpoints": {
      "kiln_speed_rpm": 2.8,
      "fuel_rate_tph": 14.0,
      "primary_air_percent": 40.0,
      "cooler_speed_rpm": 6.0
    },
    "performance_prediction": {
      "predicted_free_lime": 1.513154319106616,
      "predicted_thermal_energy": 480.32985286492254,
      "predicted_nox": 501.55270679582407,
      "prediction_confidence": 0.85,
      "time_to_stabilize": 15
    },
    "coordination_factors": {
      "kiln_speed": 0.0,
      "fuel_rate": -0.2,
      "primary_air": 0.5,
      "cooler_speed": 0.9
    },
    "control_health": {
      "health_score": 1.0,
      "saturated_controllers": 0,
      "control_activity": 0,
      "status": "Good"
    }
  },
  "utility_optimization": {
    "compressed_air_analysis": {
      "specific_consumption": 6.444803992283094,
      "benchmark_comparison": 0.25779215969132374,
      "leakage_rate": 0.36751044585827525,
      "leakage_status": "High",
      "pressure_optimization": {
        "current_pressure": 8.15903534914048,
        "optimal_pressure": 8.5,
        "pressure_reduction_possible": 0,
        "energy_savings_percent": 0,
        "annual_savings_usd": 0
      },
      "compressor_efficiency": 0.8735872592227639,
      "annual_energy_cost": 106385.25905930484,
      "potential_savings": {
        "leak_repair": 31915.57771779145,
        "pressure_optimization": 4907.8152443284525,
        "compressor_sizing": 0,
        "heat_recovery": 20106.813962208613,
        "total": 56930.20692432852
      }
    },
    "water_system_analysis": {
      "specific_consumption": 0.32257790993131963,
      "benchmark_comparison": 1.0752596997710655,
      "usage_breakdown": {
        "cooling": 0.6,
        "dust_suppression": 0.2,
        "equipment_cooling": 0.15,
        "other": 0.05
      },
      "cooling_efficiency": {
        "cooling_efficiency": 0.8986596319579109,
        "cooling_range": 13.73583359513286,
        "approach_temperature": 1.5489673535940582,
        "evaporation_rate": 0.41207500785398576,
        "makeup_water_requirement": 0.5356975102101815
      },
      "recycling_potential": {
        "recyclable_streams": {
          "cooling_blowdown": 5.310171541285836,
          "process_water": 2.655085770642918,
          "rainwater_harvesting": 0.1141552511415525
        },
        "total_recyclable_m3_h": 8.079412563070306,
        "recycling_percentage": 15.214974695740077,
        "treatment_cost_usd_m3": 0.7257977854041295,
        "annual_savings_potential": 90182.49513316146
      },
      "optimization_opportunities": [
        {
          "opportunity": "Implement water recycling system",
          "potential_reduction": "20-30%",
          "investment_required": "High",
          "payback_months": 36
        }
      ]
    },
    "material_handling_analysis": {
      "specific_energy": 0.913262268618644,
      "belt_optimization": {
        "current_speeds": [
          1.5,
          2.0,
          1.8
        ],
        "optimal_speeds": [
          2.5,
          1.8,
          2.5
        ],
        "energy_savings_potential": 9.033333333333331
      },
      "motor_efficiency": {
        "individual_efficiencies": [
          0.94,
          0.9319999999999999,
          0.928
        ],